{"cameraMode":{"drawMode":0,"name":"Shaded","section":"Shading Mode"},"sceneLighting":true,"audioPlay":false,"sceneViewState":{"m_AlwaysRefresh":false,"showFog":true,"showSkybox":true,"showFlares":true,"showImageEffects":true,"showParticleSystems":true,"showVisualEffectGraphs":true,"m_FxEnabled":true},"in2DMode":false,"pivot":{"x":-6.3379364013671879,"y":-3.9565372467041017,"z":16.852190017700197},"rotation":{"x":-0.26154035329818728,"y":-0.21834465861320496,"z":0.06069985032081604,"w":-0.93827885389328},"size":27.419687271118165,"orthographic":false}